0.5488135039273248,0.7151893663724195,0.6027633760716439,0.5448831829968969,0.4236547993389047,0.6458941130666561,0.4375872112626925,0.8917730007820798,0.9636627605010293,0.3834415188257777,2.6901835533981338
0.7917250380826646,0.5288949197529045,0.5680445610939323,0.925596638292661,0.07103605819788694,0.08712929970154071,0.02021839744032572,0.832619845547938,0.7781567509498505,0.8700121482468192,2.7347286150338896
0.978618342232764,0.7991585642167236,0.46147936225293185,0.7805291762864555,0.11827442586893322,0.6399210213275238,0.1433532874090464,0.9446689170495839,0.5218483217500717,0.4146619399905236,2.776704682490229
0.26455561210462697,0.7742336894342167,0.45615033221654855,0.5684339488686485,0.018789800436355142,0.6176354970758771,0.6120957227224214,0.6169339968747569,0.9437480785146242,0.6818202991034834,2.776376083671666
0.359507900573786,0.43703195379934145,0.6976311959272649,0.06022547162926983,0.6667667154456677,0.6706378696181594,0.2103825610738409,0.1289262976548533,0.31542835092418386,0.3637107709426226,1.9472509574505987
0.5701967704178796,0.43860151346232035,0.9883738380592262,0.10204481074802807,0.2088767560948347,0.16130951788499626,0.6531083254653984,0.2532916025397821,0.4663107728563063,0.24442559200160274,1.9652960168607136
0.15896958364551972,0.11037514116430513,0.6563295894652734,0.1381829513486138,0.1965823616800535,0.3687251706609641,0.8209932298479351,0.09710127579306127,0.8379449074988039,0.09609840789396307,1.799941424094012
0.9764594650133958,0.4686512016477016,0.9767610881903371,0.604845519745046,0.7392635793983017,0.039187792254320675,0.2828069625764096,0.1201965612131689,0.29614019752214493,0.11872771895424405,2.1016984223115225
0.317983179393976,0.41426299451466997,0.06414749634878436,0.6924721193700198,0.5666014542065752,0.2653894909394454,0.5232480534666997,0.09394051075844168,0.5759464955561793,0.9292961975762141,2.5245233429153733
0.31856895245132366,0.6674103799636817,0.13179786240439217,0.7163272041185655,0.2894060929472011,0.18319136200711683,0.5865129348100832,0.020107546187493552,0.8289400292173631,0.004695476192547066,1.7141361832388697
0.6778165367962301,0.27000797319216485,0.7351940221225949,0.9621885451174382,0.24875314351995803,0.5761573344178369,0.592041931271839,0.5722519057908734,0.2230816326406183,0.952749011516985,3.464569881435935
0.44712537861762736,0.8464086724711278,0.6994792753175043,0.29743695085513366,0.8137978197024772,0.39650574084698464,0.8811031971111616,0.5812728726358587,0.8817353618548528,0.6925315900777659,2.8010151389270264
0.7252542798196405,0.5013243819267023,0.9560836347232239,0.6439901992296374,0.4238550485581797,0.6063932141279244,0.019193198309333526,0.30157481667454933,0.660173537492685,0.29007760721044407,2.609158805167915
0.6180154289988415,0.42876870094576613,0.13547406422245023,0.29828232595603077,0.5699649107012649,0.5908727612481732,0.5743252488495788,0.6532008198571336,0.6521032700016889,0.43141843543397396,2.365497591703659
0.896546595851063,0.36756187004789653,0.4358649252656268,0.8919233550156721,0.8061939890460857,0.7038885835403663,0.10022688731230112,0.9194826137446735,0.7142412995491114,0.9988470065678665,3.5031501782116035
0.14944830465799375,0.8681260573682142,0.16249293467637482,0.6155595642838442,0.12381998284944151,0.8480082293222344,0.8073189587250107,0.5691007386145933,0.40718329722599966,0.06916699545513805,2.2445285266106176
0.6974287731445636,0.45354268267806885,0.7220555994703479,0.8663823259286292,0.9755215050028858,0.855803342392611,0.011714084185001972,0.3599780644783639,0.729990562424058,0.17162967726144052,2.7677580739843037
0.5210366062041293,0.05433798833925363,0.19999652489640007,0.01852179446061397,0.7936977033574206,0.22392468806038013,0.3453516806969027,0.9280812934655909,0.7044144019235328,0.03183892953130785,1.2674422535348917
0.16469415649791275,0.6214784014997635,0.5772285886041676,0.23789282137450862,0.9342139979247938,0.613965955965896,0.5356328030249583,0.589909976354571,0.7301220295167696,0.31194499547960186,2.1886300476996263
0.3982210622160919,0.20984374897512215,0.18619300588033616,0.9443723899839336,0.7395507950492876,0.4904588086175671,0.22741462797332324,0.25435648177039294,0.05802916032387562,0.4344166255581208,2.2291587239161754
0.3117958819941026,0.6963434888154595,0.3777518392924809,0.1796036775596348,0.02467872839133123,0.06724963146324858,0.6793927734985673,0.4536968445560453,0.5365792111087222,0.8966712930403421,2.151881607450752
0.9903389473967044,0.21689698439847394,0.6630782031001008,0.26332237673715064,0.02065099946572868,0.7583786538361414,0.32001715082246784,0.38346389417189797,0.5883171135536057,0.8310484552361904,3.0717735582852774
0.6289818435911487,0.8726506554473953,0.27354203481563577,0.7980468339125637,0.1856359443059522,0.9527916569719446,0.6874882763878153,0.21550767711355845,0.9473705904889242,0.7308558067701578,3.494588572130249
0.25394164259502583,0.21331197736748198,0.5182007139306632,0.025662718054531575,0.2074700754411094,0.42468546875150626,0.37416998033422555,0.4635754243648107,0.2776287062947319,0.5867843464581688,1.930116453456488
0.8638556059232314,0.11753185596203308,0.5173791071541142,0.1320681063451533,0.7168596811925937,0.39605970280729375,0.565421311858509,0.18327983621407862,0.14484775934337724,0.48805628064895457,2.305374315848796
0.3556127378499556,0.940431945252813,0.7653252538069653,0.7486636198505473,0.9037197397459334,0.08342243544201855,0.5521924699224066,0.5844760689557689,0.961936378547229,0.29214752679254885,2.2655923277302135
0.24082877991544682,0.10029394226549782,0.016429629591474204,0.9295293167921905,0.66991654659091,0.7851529120231378,0.2817301057539491,0.5864101661863267,0.06395526612098112,0.4856275959346229,2.400671680781671
0.9774951397444468,0.8765052453165908,0.33815895183684563,0.9615701545414985,0.2317016264712045,0.9493188224156814,0.9413777047064986,0.7992025873523917,0.6304479368667911,0.874287966624947,3.994623381982069
0.2930202845077967,0.8489435553129182,0.6178766919175238,0.01323685775889949,0.34723351793221957,0.14814086094816503,0.9818293898182532,0.47837030703998806,0.4973913654986627,0.6394725163987236,2.0935108666220814
0.3685846061296175,0.13690027168559893,0.8221177331942455,0.18984791190275796,0.511318982546456,0.22431702897473926,0.09784448449403405,0.8621915174216833,0.9729194890231303,0.9608346580630002,2.432785883881145
0.906555499221179,0.7740473326986388,0.3331451520286419,0.08110138998799676,0.40724117141380733,0.23223414217094274,0.13248763475798297,0.05342718178682526,0.7255943642105788,0.011427458625031028,1.4446852250196394
0.7705807485027762,0.14694664540037505,0.07952208258675575,0.08960303423860538,0.6720478073539145,0.24536720985284477,0.42053946668009845,0.5573687913239169,0.8605511738287938,0.7270442627113283,2.16180416337008
0.27032790523871464,0.1314827992911276,0.05537432042119794,0.3015986344809425,0.26211814923967824,0.45614056680047965,0.6832813355476804,0.6956254456388572,0.28351884658216664,0.3799269559001205,1.8825300172793447
0.18115096173690304,0.7885455123065187,0.0568480764332403,0.6969972417249873,0.7786953959411034,0.7774075618487531,0.25942256434535493,0.37381313793256143,0.587599635196389,0.272821902424467,2.1683691768077797
0.3708527992178887,0.19705428018563964,0.4598558837560074,0.044612301254114084,0.799795884570618,0.07695644698663273,0.518835148831526,0.3068100995451961,0.5775429488313755,0.9594333408334251,2.1042056830960316
0.6455702444560039,0.03536243575549092,0.43040243950806123,0.5100168523182502,0.536177494703452,0.6813925106038379,0.2775960977317661,0.1288605654663202,0.39267567654709434,0.9564057227959488,2.966615197886553
0.18713089175084474,0.903983954928237,0.5438059500773263,0.4569114216457658,0.8820414102298896,0.45860396176858587,0.7241676366115433,0.399025321703102,0.9040443929009577,0.6900250201912274,2.6625953501861273
0.6996220542505167,0.3277204015571189,0.7567786427368892,0.6360610554471413,0.24002027337970955,0.16053882248525642,0.7963914745173317,0.9591666030352225,0.45813882726004285,0.5909841653236849,2.7788967984763957
0.8577226441935546,0.45722345335385706,0.9518744768327362,0.5757511620448724,0.820767120701315,0.9088437184127384,0.8155238187685688,0.15941446344895593,0.6288984390617004,0.3984342586196771,3.410037098709338
0.0627129520233457,0.42403225188984195,0.2586840668894077,0.8490383084285108,0.03330462654669619,0.9589827218634736,0.3553688484719296,0.3567068904025429,0.01632850268370789,0.18523232523618394,2.287011238582386
0.4012595008036087,0.9292914173027139,0.09961493022127133,0.9453015334790795,0.8694885305466322,0.4541623969075518,0.32670088176826007,0.23274412927905685,0.6144647064768743,0.03307459147550562,1.9781770074414005
0.015606064446828216,0.42879572249823783,0.0680740739747202,0.2519409882460929,0.22116091534608384,0.2531911937228519,0.13105523121525775,0.01203622289765427,0.11548429713874808,0.6184802595127479,1.3453614645728804
0.9742562128180503,0.9903450015608939,0.4090540953730616,0.16295442604660537,0.6387617573665293,0.49030534654873714,0.9894097772844315,0.0653042071517802,0.7832344383138131,0.2883984973314939,2.5755980228693023
0.241418620076574,0.662504571532676,0.24606318499096447,0.6658591175591877,0.5173085172022888,0.4240889884358493,0.554687808661419,0.28705151991962974,0.7065747062729789,0.414856869333564,2.214463797355341
0.36054556048589226,0.8286569145557378,0.9249669119531921,0.046007310887296926,0.2326269928297655,0.34851936949256324,0.8149664793702474,0.9854914276432976,0.9689717046703518,0.9049483455499269,2.831302566027769
0.2965562650640299,0.9920112434144741,0.2494200410564512,0.1059061548822322,0.9509526110553941,0.2334202554680963,0.6897682650777505,0.05835635898058866,0.7307090991274762,0.8817202123338397,2.2181205129922423
0.2724368954659625,0.37905689607742854,0.3742961833209161,0.7487882575401331,0.23780724253903884,0.171853099047643,0.4492916486877381,0.3044684073773195,0.8391891222586524,0.23774182601563876,1.9276788016276605
0.5023894574892614,0.9425835996979304,0.6339976977446607,0.8672894054624648,0.9402096893547673,0.7507648618863519,0.6995750602247514,0.9679655666042271,0.9944007896476794,0.45182168266975964,3.2548664302030383
0.07086977818420837,0.29279403144051885,0.15235470568773046,0.4174863747960118,0.13128932847325603,0.604117804020882,0.3828080591578541,0.89538588428821,0.9677946717985019,0.5468849016694222,2.1900606475861535
0.2748235698675966,0.5922304187618368,0.8967611582244098,0.4067333458357483,0.5520782766919708,0.2716527676061459,0.455444149450027,0.40171353537959864,0.24841346508297102,0.5058663838253084,2.193048828282448
0.3103808259798114,0.37303486388074747,0.5249704422542643,0.7505950229289875,0.3335074657912753,0.9241587666207636,0.8623185468359024,0.04869029597552854,0.25364252425682277,0.4461355126592019,3.002699642733834
0.10462788874247408,0.3484759890334971,0.7400975256176825,0.6805144811428259,0.6223844285660048,0.7105284027223456,0.20492368695970176,0.3416981148647321,0.6762424822774629,0.8792347630313271,2.9042960852608193
0.5436780538280952,0.2826996509455366,0.03023525800598259,0.7103368289742134,0.007884103508440377,0.3726790698209955,0.5305372145627818,0.922111461767193,0.08949454503290011,0.4059423219682837,2.0859030067066016
0.024313199710157773,0.3426109843415903,0.6222310588397949,0.2790679482285984,0.2097499496556351,0.11570323332709365,0.5771402440203418,0.695270005904686,0.6719571405958223,0.9488610207205074,2.2038302102809455
0.0027032138935026984,0.647196653894036,0.6003922370976396,0.5887396099702882,0.9627703198402424,0.016871673370039697,0.6964824307014501,0.8136786497018634,0.5098071966215841,0.33396486959680916,1.842252553537172
0.7908401632274049,0.09724292563242465,0.44203563772992527,0.5199523745708382,0.6939564109345475,0.09088573203240946,0.22775950153786095,0.41030156269012563,0.6232946730201306,0.8869607812174175,2.48707177286378
0.6188261682413765,0.13346147093493443,0.9805801327872824,0.8717857347554929,0.502720761145324,0.922347981796633,0.5413807937571358,0.9233060678891631,0.8298973686033432,0.9682864102942973,3.9134934936659542
0.9197828107781584,0.03603381742856948,0.17477200416093996,0.38913467710118577,0.9521426972954208,0.3000289194759296,0.16046764388760104,0.8863046660865599,0.4463944154832029,0.9078755943543261,2.586379564746817
0.16023046632014326,0.6611175115080995,0.4402637528294918,0.0764867690302854,0.6964631446525006,0.2473987555391537,0.039615522579517726,0.05994429824957326,0.06107853706678734,0.9077329574850395,1.8040984123988446
0.739883917829101,0.8980623572137351,0.6725823112965214,0.5289399290308832,0.30444636434737826,0.9979622513286734,0.36218905893938935,0.47064894921390954,0.37824517492346177,0.9795269293354586,3.4735785916984927
0.17465838539500578,0.32798800090807967,0.6803486660150015,0.06320761833863064,0.607249374011541,0.4776465028764161,0.2839999767621011,0.238413280924058,0.5145127432987567,0.36792758053704133,1.7464069314727446
0.45651989126265535,0.3374773817642399,0.9704936935959776,0.13343943174560402,0.0968039531783742,0.34339172879091606,0.5910269008704913,0.6591764718500283,0.39725674716804205,0.9992779939221711,2.803392473698265
0.3518929961930426,0.7214066679599525,0.6375826945307929,0.8130538632474607,0.97622566345382,0.8897936564455402,0.7645619743577086,0.6982484778182906,0.3354981696758996,0.14768557820670736,2.78686664498687
0.06263600305980976,0.24190170420148482,0.4322814811812986,0.5219962736299825,0.7730835540548716,0.958740923056593,0.11732048038481102,0.10700414019379156,0.5896947230135507,0.745398073947293,2.621352765241978
0.8481503803469849,0.9358320802167885,0.983426242260642,0.3998016922245259,0.3803351835275731,0.14780867669727238,0.6849344386835594,0.6567619584408371,0.8620625958512073,0.09725799478764063,2.344820138442388
0.4977769078253418,0.5810819296720631,0.2415570400399184,0.16902540612916128,0.8595808364196215,0.058534922235558784,0.4706209039180729,0.11583400130088528,0.45705876133136736,0.9799623263423093,2.1241281254002278
0.4237063534554728,0.8571249175045673,0.11731556418319389,0.27125207676186414,0.4037927406673345,0.39981214000933074,0.6713834786701531,0.34471812737550767,0.7137668684100164,0.6391868992253925,2.2360710706358997
0.3991611452547731,0.43176012765431926,0.6145276998103207,0.07004219014464463,0.8224067383556903,0.6534211611136369,0.7263424644178352,0.5369230010823904,0.11047711099174473,0.4050356132969499,2.2995062560761252
0.40537358284855607,0.3210429900432169,0.02995032490474936,0.7372542425964773,0.1097844580625007,0.6063081330450851,0.7032174964672158,0.6347863229336947,0.959142251977975,0.10329815508513862,2.2841462543680295
0.8671671591051991,0.029190234848913255,0.534916854927084,0.4042436179392588,0.5241838603937582,0.3650998770600098,0.19056691494006806,0.01912289744868978,0.5181498137911743,0.8427768626848423,2.67420396027579
0.37321595574479416,0.22286381801498023,0.08053200347184408,0.08531092311870336,0.22139644629277222,0.10001406092155518,0.26503969836448205,0.06614946211695472,0.06560486720992564,0.8562761796227819,1.6337915667468186
0.16212026070883323,0.559682405823448,0.7734555444490305,0.4564095653390666,0.15336887785934572,0.19959614212011434,0.43298420628118073,0.5282340891785358,0.3494402920485349,0.7814796002346613,2.3208905775665314
0.7510216488563984,0.9272118073731179,0.02895254902696054,0.8956912912102034,0.39256878846215104,0.8783724953799941,0.6907847761565296,0.9873487570739682,0.7592824517166681,0.3645446259967866,3.017503735030073
0.5010631728347521,0.37638915519435123,0.3649118360212381,0.26090449938105975,0.4959702953734696,0.6817399450693612,0.2773402713052435,0.52437981107722,0.11738029417055718,0.1598452868541913,1.9194594441649573
0.04680635471218875,0.9707314427706328,0.0038603515102610952,0.1785799680576563,0.6128667531169923,0.0813695988533053,0.8818965030968323,0.7196201578422882,0.9663899714378934,0.5076355472407649,1.735067531852712
0.3004036831584872,0.5495005727952714,0.9308187172979732,0.5207614372418605,0.26720703186231864,0.8773987891741196,0.3719187485124613,0.0013833499989991394,0.24768502249231594,0.3182335091770624,2.5961909072232747
0.8587774682319022,0.458503167066445,0.44458728781130075,0.3361022663998874,0.8806781230470796,0.9450267769403914,0.9918903291546294,0.37674126696098675,0.9661474456271714,0.7918795696309013,3.5399462280912557
0.6756891476442668,0.24488947942009942,0.2164572609442098,0.16604782452124567,0.9227566102253654,0.2940766623831661,0.45309424544887844,0.4939578339872235,0.7781715954502542,0.8442349615530241,2.4264098688903366
0.1390727011486128,0.4269043602110737,0.8428548878354571,0.8180333057558384,0.1024137584524164,0.156383348867963,0.3041986915994078,0.07535906908334034,0.4246630028405929,0.10761770514958191,1.862221819345451
0.568217593669845,0.24655693981115612,0.5964330653496227,0.11752564290363765,0.9758838684185334,0.9325612038573404,0.3917969385646658,0.24217859412608544,0.2503982128535728,0.48339353520239203,2.5532249130356233
0.03999280190071697,0.639705106075127,0.4083029083397448,0.3774065725888873,0.8093649714891984,0.70903546018329,0.954333815392692,0.3519362404956907,0.8975427646494055,0.7699671862500889,2.832189004432406
0.35742465159471304,0.6216654364532578,0.2885699576516956,0.8743999170748423,0.11242731721231125,0.21243436129404103,0.18303329207992114,0.40302600240428865,0.7452329600321291,0.5269074490521803,2.1591212545304534
0.48767632353820756,0.0005459648969956543,0.4254017253550547,0.06355377483615843,0.20825325212148382,0.9323939389604944,0.2153982043432382,0.8583376386342625,0.8028933715613342,0.15914623694224284,2.1144023969133587
0.6057119572702788,0.11566187190501331,0.7278881583695115,0.6374622773722066,0.8119385616910193,0.47938454938918806,0.9148630878333829,0.04934894678843971,0.29288856502701466,0.715052597465167,3.132046727050559
0.41810921174800086,0.17295135427115638,0.10721074542854603,0.8173391114616214,0.47314297846564424,0.8822836719191074,0.733289134316726,0.4097262056307436,0.37351101415568366,0.5156383466512517,2.859069403136278
0.8890599531897286,0.7372785797141679,0.00515296426902323,0.6941578513691256,0.9195074069058207,0.7104557595044916,0.1770057815674959,0.4835181274274587,0.1403160179234194,0.3589952783396321,2.453704122234377
0.9371170419405177,0.9233053075587083,0.2828368521760829,0.33963104416619916,0.6002128681312939,0.96319729526038,0.14780133406539042,0.2569166436866691,0.8735568272907714,0.4918922317083445,2.7681308744292825
0.8989610922270317,0.18551789752317627,0.5326685874713607,0.32626963264937237,0.31654255989247604,0.44687696394619913,0.43307744910126844,0.3573468796779544,0.9149707703156186,0.7317441854328928,2.865381437240323
0.7275469913315297,0.2899134495919554,0.5777094243168404,0.779179433301834,0.7955903685432131,0.34453046075431226,0.7708727565686478,0.735893896807733,0.14150648562190027,0.8659454685664772,3.1447916653654873
0.4413214701804108,0.48641044888866547,0.4483691788979973,0.5678460014775075,0.6211692473670547,0.4981795657629434,0.8667885432590956,0.6277347561952844,0.40142794930551995,0.41669175690871096,2.563402192943252
0.8108386151289514,0.3481919427465201,0.21145479578241355,0.059383188005789234,0.8760268479205742,0.9185464511903499,0.12012018216347597,0.33447374149611486,0.17537206951524387,0.11589846882587973,1.9283481350954363
0.8998667430000302,0.05687725914535546,0.9804856634690068,0.09645086069738418,0.8634706491935857,0.5665061069891627,0.36791748781787337,0.3423423766251579,0.7573641432377087,0.3145732950042872,2.5727462593471455
0.6573189166171418,0.5173260835160801,0.4849656451580705,0.9011621706491616,0.5546450586202596,0.8268616030486949,0.7255735341014894,0.03855724605899835,0.7731100525054192,0.21687025009104066,3.0042737781031725
0.9031496468515715,0.042924190608832014,0.33307203447431877,0.09973294723475401,0.47558911708484375,0.8200224358697518,0.2981873596630641,0.1509348973110416,0.3302670356968992,0.813880141920636,2.8028196867413424
0.14038395779934687,0.2273624490775018,0.06885196449337394,0.7057100439896077,0.3952332435363368,0.310839977143316,0.7186263903411519,0.33597754234025523,0.727771273214418,0.8151993953143135,2.5353481228621537
0.21766284345773845,0.9738186968459833,0.16235794791266678,0.29084090665674256,0.17979529083354162,0.34550565635633446,0.4800608878207556,0.5221758690021191,0.853606042296272,0.8894479088158666,2.3206506121412422
0.22010386078090638,0.6228940321857525,0.11149605729871559,0.4589698601820683,0.32233353804661813,0.3165007454536064,0.482584241712101,0.7298276355292675,0.0691826587923895,0.8791733376874045,2.189691991330507
0.7348137746305611,0.17649938888906014,0.9391609090873704,0.5063122240233886,0.9998085781169653,0.19725947430073765,0.5349081983832014,0.2902480425599284,0.30417355738924656,0.5910653808339902,2.5890742267618228
0.9217190668708333,0.805263855579175,0.7239413985013259,0.5591737821017022,0.9222985036674477,0.49236140669088413,0.8738321783347182,0.8339816438766318,0.21383534680158656,0.7712254629659102,3.282528583711456
0.012171156943258765,0.3228295375480875,0.22956744469194978,0.5068629584873134,0.7368531616807855,0.09767636744772412,0.5149222019367684,0.9384120216943856,0.2286465509829455,0.6771411441114241,1.8375407088777485
0.8471752734286089,0.7155157681606774,0.32736852230329694,0.8827482866649723,0.5255999126489781,1.0441248413645288,0.07032011943238836,1.8124628395745683,1.6327286110397121,1.1051626650210091,4.340137068617095
1.7036171655144863,1.924790147621601,0.22104458810532113,1.2616636168196076,1.9959880018713172,1.9757783386670522,1.2066459845814892,0.25604174090163334,1.1663856619810564,0.0041292711488434275,6.029684990843131
0.39782266933371924,1.91224631911992,0.6608811452056877,1.276780211553897,0.5617189892644854,1.895643774223179,1.4571174598989736,0.6593023151628252,1.5835228423607417,0.2163310489526753,5.722169149076645
0.7846378801309188,0.44243625546318466,1.3674528945520925,0.20489256354386076,0.7940516645653481,0.5532994604183792,1.0126858386476083,0.6997953610077579,1.412821155334022,0.04915404861393213,3.5590343723939806
1.267973842611815,0.46114257938764003,0.5374180575136986,1.600511207167047,1.9111367879608416,0.6331004200541732,1.6536105407381514,0.2079816759424662,1.2679633060147664,1.5020645990698376,6.499961814507562
0.3119558560689131,0.8520047753391211,1.785414328497963,0.20715692689674436,0.0361927164029503,1.1811707580958675,0.8710630810618669,1.5973784977678054,1.8469110764082133,0.5983072890876322,4.166797482197572
0.7768082343382106,0.9725441726586297,1.1763029208705986,1.9677076593632334,1.394660501660103,0.7790970146911376,0.5275353729009242,1.8892514368442481,0.2710968662170128,1.440531705009516,5.957581556615699
1.8507900505848813,1.3293311730688773,0.8461088803322423,0.397981879850968,0.7349506445038545,1.4137436188402441,1.2990684483505937,1.8559523331967158,1.7337218273187498,1.6323015045327367,6.233682054283839
1.8229017507015246,0.5526743054740988,0.739047080279299,0.7597878075720348,1.1209011774195605,1.336436459085542,0.5734333660807887,0.03892493461860069,0.7984447673158186,0.617055919108801,4.358629342543211
1.8843694380360958,1.776530081088087,1.7206213566868391,1.305999521890486,0.6885783293978778,1.0976985347986095,1.6304500814327454,0.19722073744562207,1.6021497605106094,0.08235958265624332,5.595735084244685
1.6328420624287114,1.615127608319747,0.10201461765751163,1.2543214229237165,1.0049061486257944,0.33963900634342936,0.2967578753547513,1.5465182521340464,1.1353854976736881,1.965998269833065,5.374970686453968
1.9644955545766882,1.9853339869285327,0.23723103673153179,1.8765122739279245,0.4891392180411256,0.916424519517224,1.5148131116434518,0.40724186415446395,1.1326232111086598,0.3716334964519914,5.71720811152105
0.2094722133625866,0.23311722485919706,0.7152780696964376,0.00930967367436697,0.849707842403379,1.328394210162298,0.8033763700079775,0.17158920103967024,0.1253777240472811,0.5562330255297234,3.3321307101701296
0.3386253810872015,1.9301899464359389,0.30246044994817,1.6109248748099931,1.1722158834822896,1.1385738399685887,1.0241614318475691,1.9435261522279021,0.7276895501832756,1.5758315019077525,6.305350410442111
1.1105882149339192,0.7912673352514523,1.9109318666115618,1.1966319387293742,0.23783388429202712,0.8350784019937132,1.5631634553632152,1.3874940464784276,1.8326806596731484,0.5187547682830405,5.361320171306503
1.5163874327076476,0.9197504147890418,1.1472194939336309,1.910093362012566,1.9585726399783547,1.7231819278511271,0.7181941754605925,1.7754016714546397,1.277218355282826,0.8599935609414262,6.9587169205258705
0.07148536500096747,1.5402562483831643,1.004211161448226,1.5723769989301215,1.4960455986865397,1.5871347360967039,0.6013023173935337,1.601597198135262,1.0976926569323346,0.9466524008982864,5.982625404182362
1.3502518276415139,0.04271736587669661,0.20463363177518845,0.584354730335044,1.9659802199156793,0.27949155772990997,0.6611926015184206,0.10210612938384722,0.6625377605854526,0.6406525730216632,3.6883631630806817
1.8936143418890443,1.6903081739914407,0.765528438485543,0.04953811607849734,1.6620622279907564,1.3210723542890803,0.30472896730261945,1.9921425420203744,0.2004668748482461,1.7342290831873257,5.207523252504464
0.588532328259378,0.8707069326503141,1.5909130535526292,1.3550167119880205,1.8757287488880783,1.2422806509207664,0.1956203229581055,1.7687207264839007,1.5383110499771822,1.423740901786644,6.145854904674424
0.10746709470747073,0.792445489323488,0.33487163891907845,1.643807816815738,1.4010572456357255,1.7661551946382705,1.9331502138483279,1.5494952283849972,1.9884661664415242,1.2295397722885977,7.450231705262653
0.07425920778289563,0.02850303030059176,0.6842077504075774,1.6469434381350743,1.732269412649462,1.9216250576453557,0.1302429370976368,0.08914222197532817,1.8265671927340674,0.6100933967257232,5.204150970889224
1.1159748012192654,1.9648897660014197,0.8008970694718467,1.3317427966196798,0.8017591272639706,1.5363893289255595,1.0554294511457316,0.47504627597269944,0.5426122025169324,0.5161184250768145,5.329700135751034
1.0646406565171216,1.4063780320313286,1.8985598000862842,1.3881747501659598,1.5623856879247813,0.33785223172913126,0.7481252500146514,0.8275604397165321,1.372760460000946,0.5917839527537472,5.236614112605327
0.6065838428393322,0.7117783092817362,1.6206041630864645,1.1551801800866974,0.15055455966546893,0.1564921993809376,0.7425738885649986,1.5331821012123166,1.377366852957361,1.4159647093023733,4.59744162042487
1.5344201321081938,0.5743054257726588,1.096512563884176,1.086705280633539,1.4792650023598986,1.9137411382112928,0.5559798895909318,1.5865633455140964,1.3199410970465248,1.1604757417269203,6.1394684981838346
1.5497595586948039,1.8880649328561987,0.07338283573882598,0.29480020502644133,1.5125744630022315,0.1675827058201691,1.032247401482186,0.43972155328321394,0.548591407685503,1.4036809658888325,4.497933011462828
0.06038554653742323,1.7466388558038073,0.88895791070454,1.0047865878142022,1.0800959273873838,1.2910885891589878,0.6897131732454962,0.20221498112698266,0.6367578733323531,0.3362842360456406,4.455299506784489
1.1122663589009478,0.6360572619207729,1.9161343559868698,1.9314685559605613,1.240251761136483,1.234994535334572,1.9707571291342119,1.774566302470372,1.53013989831628,0.6271812234854024,7.175824769808209
0.7310780562361527,0.4025335315217309,0.9742962538347493,1.9807370442791592,1.8243019060231775,0.23669886803893814,0.0503805785810123,1.7972753368165324,1.0743402558974149,0.40037977641691236,4.71186166843723
1.3473065391692707,1.28844635585964,0.24417121367293437,0.519200466995239,0.12015592862651592,0.4197209477402839,0.26461134970612576,0.3864725849491122,1.370934291826234,0.09899948852213547,2.794443017580058
0.20370923049643297,0.2683472761565753,0.633082241916268,0.5975006217038819,0.5101275706332788,1.5010733068648325,1.9960455755162012,1.0679558472575916,1.8884054358278841,0.7932202242521293,5.530750054479052
0.21336489360542688,0.8175476589396746,0.5922555468293866,0.9868139245783563,1.3140873538328464,0.9221004383048164,1.8703210241556512,1.7695296445987598,1.4039551903323944,0.9793698247290983,6.116728695961766
0.26337456362891376,0.7940273335552668,1.4088030788023473,0.5697710411074624,0.20797615508684086,1.8157969150212563,1.4181016196310892,1.2305528532701944,1.5849978112178331,1.6712920751669513,5.83830911940438
0.9669179963420467,1.76237650281888,1.8328380214022109,0.5431021908495628,1.2150907195815885,1.0531680576409383,1.075891558303805,1.875326187929124,0.610377405386058,1.9668679564691525,6.050782893120545
1.8042624296084642,0.9174457772270053,1.6349065272363323,1.5380939886402811,1.3557899392370425,0.6396677787663085,0.39290198364190787,1.3430553935315164,1.6859465928021684,0.03250557735473936,4.927132049748658
1.2856067506170241,0.8857460492444249,1.7961755102539672,0.6429458617084105,0.9483696245272435,1.0295342080703727,0.28087904274210596,1.4257846053978127,1.6609526902419192,0.11581855379252048,4.142267725123807
0.5827776410738055,0.07608936307011582,1.9130882093764847,1.334337641407647,1.928400838909563,1.0629885566626156,1.6041370477912278,0.74882796775948,0.7076380651452818,0.7565356342102654,5.971559158299258
1.3157242674528564,0.7189063020433044,1.8007349032084512,1.9665497301003105,0.06085303067401182,0.38724658080499297,0.224499985174772,0.08472809418288652,0.45548198669457296,0.8935866407381623,3.9993040855957322
1.6739807305773675,0.4436480610199922,0.9878905113244025,1.8592374788935089,1.3344294135733499,1.596158039511995,1.1019879403709725,1.96093291768126,1.1773243093629484,0.09102142792518308,6.087226740450937
0.3959655998795897,0.8095472579142959,1.2025543451475527,1.5438617348179198,0.8261722518077725,1.4201166100313773,1.57973900621825,0.6345203944999656,1.958540480071637,1.2993129904716711,6.628558978573981
1.7619961215722624,1.1118753776172134,1.4832062143046474,1.5410881232327307,1.816496758469158,0.3006995137427406,1.116566848338497,0.8567570262117126,1.8463180423474805,0.2101893884979984,5.615894515508327
1.9651477773618256,1.7509026481865926,0.14765256312849706,0.9819327710809489,1.4351190004250518,1.476303091382113,1.8129882504758417,1.5997308711646219,0.621860760688179,0.9968695717249048,6.663251343801606
1.403571525871708,0.27687368272870283,0.38798159520039466,0.9620848962197452,0.5964915974110254,1.7251184995681899,1.172554643041236,0.6973303954367354,1.6976660512088202,1.6097568971084777,6.015320004364928
1.996709754198539,1.6946153766674696,0.8289130696113594,0.25499776353997694,1.6812818164009558,0.11951583592078796,0.7005424146897083,1.8394759615425476,1.9215329468902014,1.2811291870424368,5.23646685922347
1.377296633967427,0.08490897745104498,1.0289606821790958,1.0937363576126824,0.6802014922482222,0.13719366950776868,0.457815199448788,0.7159678737223927,0.8702839730326593,1.1818534510671383,3.9286458278303327
1.4447830373964727,0.6352637465478923,0.6579075198379662,0.039383285447407435,0.08174972018803661,0.5156433886170728,1.4804899953499133,1.2566276607478244,1.5395780413556694,1.5378388724296435,4.575149534638871
1.7131349353386025,1.4406385319737671,1.9580218380016456,1.7976504386036347,1.1734343324464684,1.1763153409823435,0.06853408070445899,1.9970531554167086,0.26315199473228357,1.480694393263184,6.064314623981323
1.6420303902486177,0.7461090586104064,0.3937041093306275,0.19751977358111006,1.4972120116591556,0.9053070584113914,1.4274355180022713,1.8308152977036012,0.2931674723021134,1.8383420014475993,5.671031689149411
0.8232529190168734,0.6105340197945781,1.8861245212055582,1.9813033852127988,0.3977844355348963,1.3136766939039666,0.21299062754212073,1.3018280077150115,1.6546264555516994,1.3689970930481352,5.66829110369121
0.8346662841251915,0.7661327191275391,0.7862448304468341,1.1794236359858463,1.7631345401449912,1.8581323145375357,0.10705924041463621,0.3632447892913766,0.22444863165657702,0.38666928153382796,4.622245526527322
0.6932156212183436,1.0130633652452476,1.2589224540183044,1.464284438279403,1.7802230827716141,1.9781768744595816,1.3257129571142396,1.690729037335526,1.5560776938493979,0.6150640784374239,6.910576844590682
1.751384540469846,0.08552627589559769,0.0007346875029157207,0.5474652587769284,0.9241950592548998,1.2767257900013547,0.2035405330890896,1.34602026766968,1.603631734119389,0.3706258391587336,4.0039516035242455
0.8302505096635877,1.0399699799066195,0.9036140361689613,1.5996598617769413,1.9210447962386616,1.59790632801636,0.15598563575164914,1.6098711443182543,0.13319266447110234,0.47194077048314,5.18877979738281
0.3061937936714456,0.39503821369217085,1.0566302541147012,1.3433797152217073,0.940642564672082,1.9193912780584872,0.4805846400603333,1.5262804605095859,1.740364357014297,1.1241322215094383,5.815709529135214
0.9124450039231062,1.1923688935584873,0.8576195403206859,1.1103877646467388,0.8338679042576032,0.8009394205882681,1.3906929362790597,0.1857024261359359,0.33308414545764164,1.702396943430008,5.510770097102881
1.542154693630376,0.5629074545887875,0.7545378653315205,1.852053013256961,1.6361544503477226,1.2286925999592617,0.4429803576059155,0.08850394263053918,0.8625156936837963,1.3452542785149237,5.766491120738036
1.656960981035703,1.7053780114845387,0.06555180258672677,0.48831406767375873,0.6781891769548061,0.3774644219187717,1.6059507567276756,1.534931526169885,1.0336660807619416,1.965852955991711,5.741502305952372
0.2881170821816845,1.7993034066553377,0.23292650832383233,0.3263634110282414,1.3924384005012376,0.21913938408337863,1.1316901908374217,0.8404670729453072,1.4569479310820297,1.8013504776177303,5.146393153123594
1.5397430293381107,1.6993797528423766,0.06589089706246476,0.6203909964884062,1.0308661733726647,0.8319066292595589,0.4625099059593769,0.6157481959200466,1.8908619407832115,0.5883617597427031,4.45238324599705
0.7078082203595715,0.007419547500037371,1.690155254555749,0.30968140680315326,0.4082885510274521,0.5105290341840512,1.7692441136896853,0.41290282249262944,1.5950527217358799,1.616098680645809,4.890798809315399
1.8540411375727917,0.23112262720062793,0.43455794467566267,1.4857965841614427,0.3920015085614781,0.572659093746898,0.3334831602227253,0.3453933723100986,0.9631067092564114,0.21936612422591706,3.566262037672562
0.6433952369272444,0.853187819197758,0.049096233047955185,0.7766663329489052,0.18824487217103392,0.9871570622923533,1.6514763771141927,1.6368443243635744,0.16089703107480102,1.2024555153490404,4.8116468977711415
1.669172763942473,0.47594508586927065,1.5238530228991982,1.7815286929001866,1.6122483028808883,0.21460206303100904,0.018119999044769797,0.38344821984369126,0.5409546818932465,1.232365981231919,4.814089915127253
0.7685463504846368,1.406814061322947,0.7061499210432172,0.3088508493092006,0.6253796869720702,1.76864845277827,1.9170646884901297,0.41502546813473695,1.5769367740488827,0.5466974730797414,5.490079946832392
1.774263086862815,0.3310912255925109,1.3319198373881138,0.16842252942636504,1.947786647947739,1.4012666892810857,1.6836314788101705,1.133338678726069,0.9536027278577204,1.2437647827887301,6.1384700616144015
1.057483023398896,0.938768710290306,1.5189005029152856,0.35640190987853626,0.34234409631031704,0.8636853012994123,0.641495832089892,0.1482490358260482,1.6889409848374688,1.5432056133886995,4.392082313211987
1.0878429996059695,1.958649074528738,0.14520013309521063,1.53333860205575,0.5327407832181936,0.7371978398871508,0.4385587704061351,1.5780757829237304,0.288480204043132,1.680033395470556,5.182486713373178
1.3231552964596678,0.11804649053822946,1.6219634632003068,1.2555114323259589,1.809964639156683,1.4974446128172765,1.1222418548595496,1.6730943612383955,0.5561004766024442,1.0939001236891273,6.315793081610139
0.5872336396068203,1.9364087821810174,0.45239260168401274,0.03147647934092501,0.6517096840075924,1.0050187939396094,0.05672586846015015,1.1184966000678147,1.7485655499024604,1.4094643888333402,4.198362716065794
1.2459366459566086,1.9119235014165026,1.9165586676842117,1.6485329394064572,1.215483694771702,0.9755291189954134,0.02663222649293462,1.2125238124530828,1.9781761507137074,1.636202100048058,6.2438124231783885
0.6812092877687039,0.30409405008884405,1.5681172289343082,1.487875641263483,1.9340935839586462,1.7496847238786777,1.1113252505448148,0.20256849392948428,0.9670013167679201,0.627390108044634,6.164347607017129
1.0248169640496796,0.6034031492793064,1.7236459839511915,1.6886540279656443,0.6309303143341118,1.19916269274799,0.8603617152781082,1.8181855140571264,0.37472180285264556,1.3954568035699186,5.929636197662002
1.9407506556744332,0.35055103912618035,0.4039328568484064,1.3874466773444558,1.5583078490498279,0.9810981095878655,1.2193729302942427,0.4253648176236575,0.9532284571346521,0.2241437617498303,5.189924858342224
0.6428438505513294,0.5695594100619086,0.8892507202048401,1.8602527244873939,0.3625353242956848,0.802776493249441,1.2311944382192894,1.8931141721480034,0.26629638307153636,1.835753233986227,5.926139492170785
0.16210757726812308,0.9614827943205289,0.9091797344609656,0.4192054577543911,0.694919336231695,0.9083305366967962,1.7304229258212585,1.9101282907471195,1.0378513572743304,1.7401995805888437,5.68444321942599
1.2163431713535588,0.6981746839753509,0.3883884152269381,0.8262695435655296,1.0456485658476955,0.08888677651911236,0.29168233174170144,1.20036884796288,0.45000318935432415,1.674652752162595,4.171343959592179
0.6538844995483812,0.20966841450650175,0.16706117711063406,1.8742460410635593,0.23604062248375834,0.28181952832412005,1.725332115865506,0.508576260554688,1.3319028215088322,1.6334513740597827,5.499632685371946
1.2143612802603843,1.9149770868956988,1.4177657985216827,0.22550301980731668,1.1168200530917598,1.4363730521783677,1.6039144807468904,0.05264267056818306,1.437757830542849,1.651361642038899,6.09469707242536
1.493667621870713,1.0246982913111962,0.9160419261776058,1.0988371665996317,1.409287397653204,1.8458285812649708,1.23407042128225,1.7756686125669392,1.4025136948914547,0.13667275487769515,5.9395930084036745
1.0016563800032436,0.5729726966304847,0.5703498562651446,0.7118551024319684,0.6294655440009516,1.1572199602342004,1.367203000707114,0.5374987741534709,0.2595252451367627,0.1176174418689242,4.0771025760558555
1.1515056900611045,0.3722603326660048,0.018495988447398748,1.8555061586474082,1.0742808381664812,0.18489636049394553,1.6858422242549707,1.9664054765802361,0.8972013240354344,0.08497921647631634,5.100696439091477
0.235091881512127,0.7633074932908643,1.771045274897754,0.2960773585555241,1.647980188005391,0.029952520438038865,0.914777397571622,1.2887942819011362,0.1207589640511928,1.2295255012329733,4.201549199245611
1.8888082429391122,0.32051984027319014,1.4592227660707056,1.2181877958870868,0.3702327777584611,0.012406829418732057,0.018568901011854155,1.0641848183440572,1.885558819122387,1.2885972549312248,4.166540634912966
1.4285996925874873,0.9877309738410742,1.1637778852691396,0.25273505066120694,1.7536412408012616,1.5215852573336037,1.9963979056892192,0.5954458951112427,0.45403554359211573,0.25032331592268586,5.474954179359307
1.9284195132320896,1.5617703692560472,0.3326492274392774,1.1053729422164278,0.8275364161345535,0.3029720156123856,0.32414597005993095,1.9269399894903714,0.6099283659154444,1.8828785833678865,5.055998798070283
0.1512213461301688,0.9216060845863812,0.2592380970335202,0.009574770482344341,1.1075321474121531,0.22778820962272683,1.4440490618673594,1.396232751413799,0.3526658149289783,1.8834842865310333,4.5717384312279545
1.4420868168649792,0.5959405283138599,1.4184675279015813,1.463860555363072,0.6844526625019212,0.7511771249229184,0.7182130153066002,1.2332368871041481,1.8008202930803587,0.34638647245717524,4.974578562555186
1.7503992196726368,0.055306313010685004,1.3206771919564448,0.8288777463793884,1.5825631044649875,1.442396225861806,0.960215614290368,1.2877280734451935,1.0035462613998904,1.6230369412437664,6.131225424482391
0.952167971936464,1.0463119799841516,0.5010411728343571,1.2100860336209447,0.6058096173396701,1.1545680290859641,0.33935623114813973,0.3189381846823176,0.8340594823839871,0.8536390302210817,4.315510548340127
0.5362185298250781,0.26319370073338,0.07842107842779411,0.05046365457563229,0.5431005800129514,0.9237068843238743,1.452486562612254,0.9497434014280179,1.8081016388705635,0.07043960915081415,3.624819645077298
0.3613212430812687,0.6770289855402853,1.154992376130245,1.7054723157878848,0.7004039039131529,0.5359773650088402,0.1237783376857915,1.6426069553962082,0.7593328864133579,1.1431003908338686,4.627548079861115
1.9671108363424408,0.0031891412085891524,0.29090028139773194,1.558221988038711,1.6102549704156757,1.5384942380655109,1.0739977820856585,1.9577139620461121,0.7923691199906411,1.2038873962262246,6.472031737468023
0.1267380090976966,0.8197148998146775,1.445000175019844,0.4774776815413986,1.887655178146297,1.3735667352865781,0.5751507657151429,1.5379978454117127,0.1663295436162182,1.949548845020913,5.633944859456419
0.09857051814711704,1.8669117822974366,0.5057077554965224,1.515648215381781,0.00014739886621217835,0.5084801783591995,1.4982012132994398,1.0646721417946445,0.22990429927422973,0.7872594916745506,4.594627442929609
0.7510987101690851,1.1363244883618997,1.3359541449204355,1.6816604848245,0.9944627939547452,0.7840434346103402,0.2879530681907634,1.6096459299794446,1.42674081082912,0.8173547949093707,5.154330308865607
1.0368646198853388,1.3303656888237776,0.3296111796950756,0.0543955888158405,0.6350073983733708,1.1911700392723261,0.9732121825629174,1.3851092537262542,1.6393796111490704,0.9768849334605518,4.5792117835185575
0.2685340474356497,1.7012559995979317,1.1499806545482287,1.4798749615657414,1.4093293072165831,1.9364235426624834,0.5906146446716278,1.410613545558524,0.7313526662518366,0.7908214418372834,5.930857323230211
0.46118927331744297,0.6880203513017078,1.8965935033165262,0.5851416938952019,0.49198121191317346,1.166275956947644,0.5160719134835092,0.9467714511885901,1.668352513112474,0.4608006286143511,4.190235454188618
0.8533828243678401,1.2209794700400638,1.0912578491469709,1.9494464748304745,1.36074050879039,1.4798924840968797,1.9339118959334665,0.828876050457042,0.7107596301221024,0.0877248595327651,6.471983444744847
0.03175721875918025,2.8947838288365895,2.8860697600671714,0.6526566308401154,0.12403911694967007,1.5905980890357065,2.854232443849223,2.731187537294805,1.7539885916681897,0.9106465519611215,6.714424494108311
0.9898826513075879,2.693740654458083,1.4753521069067308,0.39334868690143676,0.7452764279208219,0.8303847044024972,0.37064005479572804,1.389133144563874,2.748152724824973,2.0063476289767825,5.394109339765752
0.21742177274656838,0.016484453427488166,0.828743002407763,1.088078804381821,2.3302490071403272,2.9010165717911,1.1627015202706308,2.0600700894505835,2.98470572205889,2.236999751625043,6.169223190781428
1.9085686472575334,0.23422456253491286,0.9696456035841907,2.740176475371471,0.6030164450427171,2.530771077819624,2.088971055241516,1.098973112492264,1.5875228091379698,1.6284194062584407,8.776010872324935
2.142161355221659,1.5496678232975882,0.3992279705524988,2.3203640145657376,1.2188174907183562,2.889281670635782,0.8505413468791031,0.7892363408897538,1.0005221870255478,1.7169510478758765,8.255293513672688
2.684609220602947,0.5288449204200444,0.8390363927976606,1.7450395294435854,1.3630027264845452,1.341968661767176,2.4622027862892195,2.7716349075340836,1.4439208982096456,2.062055386341821,9.265966231971445
2.403176133082182,1.5550992311614917,0.882949226861206,1.9142537931668513,1.7553273009181778,2.704688459218831,0.1572211103095681,2.7303941614004,1.6032960844960789,0.04702834814974177,7.571676653328565
1.0341065363033644,2.173000691625959,1.4652992638074989,2.940477112322977,1.2678302214931456,0.9799056888780233,2.465015803288704,1.6437200980740942,2.0469797371876766,2.4171070141160325,9.361918822875039
2.014282638376861,1.2672224843059938,0.374389343682902,1.7407444997139017,2.6922999801877787,1.256677279555245,2.7321757045285215,1.510583459347206,1.8625246873274297,2.4989654281669287,8.949271700766301
1.6937913289221647,0.2729080178866905,2.9429382024011854,0.7375479057385012,2.1315159858905957,1.5153403158532162,1.4363179104531243,0.7318224566006744,2.166452297100312,0.33836479449296175,5.954903220360934
2.9713599280844556,2.5361206113216115,1.6035268200173762,1.2736588681740284,0.8593938973796029,1.5047744128223024,2.6382523860725042,0.8250192021020508,1.5016123764094078,0.7036497062010926,8.956650846927197
1.0114473409948546,0.5707815267699974,2.9716175817635637,1.7144923393873668,2.1984453721100863,0.2947497403561101,1.0983526502229473,2.6779194091419645,0.25331497927184365,0.49644968501883946,6.020165150930567
1.8762528310535058,1.8683669823126756,2.5146811333617887,2.8064782916142645,0.4259594262757913,0.7781214555809984,1.2823842170797675,0.0027098565637488914,0.2094429088790848,0.6794738338230649,7.448148816467966
1.443305892047435,0.7545682145058384,2.6300456766691442,0.9728186266260334,2.773868436427886,2.92436178220413,1.3495846017227362,0.6813864506979709,0.8749984002690099,2.3290010449783383,7.12561162475063
0.8200491233777731,1.141748603760854,1.4357275754455494,1.7253333494099525,2.988301320903714,0.696629265490777,1.0602711097445066,0.788673531031533,1.083340309931131,0.30241355068386166,5.523267299938721
1.0794293017231416,2.663595094393165,0.8957695435393471,1.1158043395472066,2.8334224933138037,2.1851369889806045,1.550216144454145,2.3315781852103217,0.3695389465635118,1.3934710596625268,7.219135219214097
0.3547083862075989,0.70085443505874,0.4256017792207758,1.0854037175074178,1.1449179611877776,2.8419257454997227,0.7923771935625877,1.4172865359495506,2.43413821189046,2.4468527593099854,5.978695789447159
2.2510295611050606,0.8635012864202188,1.4849148582340712,0.5586347855601698,0.5651985683484128,1.3075236394149328,2.2157766637288234,1.5797527799935136,2.660049662542357,2.4927263933327275,7.6180956187571285
0.09481632846121668,1.7052571285986482,1.8274837930669294,2.8847254329002445,0.06970988012658519,1.593311312905887,0.6143440858075572,0.1609887188747673,1.7624655741951698,2.3178124308984076,6.569621671307861
2.3245963476755636,0.09086523046772033,1.2208392008147682,0.1335288814458615,0.7435159409723092,0.578642108273845,0.6455477377264717,1.0173552421035859,0.8322541255079948,2.8868397339827947,5.23053661959526
1.0572213600281464,2.6825175458789157,0.5431250145627753,2.2912406015646427,0.1840366080739283,1.3882836884080239,0.016531320706577812,2.430872289208308,2.8514581081133517,0.10532211248143697,6.470522374258168
2.8015390844199435,2.321561674474059,1.076584736378386,2.7266296536684154,0.8887718137527029,1.227885936704286,0.2901337865760649,1.970816885700432,0.08880248622681564,1.4547158255971118,8.299768048168636
2.0495755507576012,2.4637128028473327,0.44982416886498644,2.2622710987461523,2.157231070665089,1.6787116023593525,1.7539337933635921,0.27381216257033436,1.8014131297211406,1.1445666212124967,8.569913020261293
2.6027425540249407,0.9392966452079706,1.729785232090574,1.2797141991035832,2.6287858147509393,0.7617500009675671,0.23640708092838125,2.2459671629494187,1.2386898507249644,1.7672950773788745,7.031794763240608
0.07916799514005335,2.8563293741922062,2.6328551321549294,1.8716037017318325,0.05108952633785413,1.1339294219486298,2.9363896132264466,2.0439910762207036,0.4829635839402574,1.3817902459635019,7.278168052823211
2.900213231530458,1.60412452324978,0.07384358408947367,1.8593162528279332,0.8136495927934795,0.2965378556307131,1.208725334195679,1.6755692922967345,0.05112215414340815,1.6771404259078424,7.491754373255594
1.5336094405189122,2.3817251492962805,1.2706494504461916,1.6603512890096588,2.2260279121713786,2.6914376153458366,1.1401037280710624,1.8049004873494394,2.0838327102491454,0.12981202932658853,7.598938249740388
2.4022815254584042,1.1322905556461815,2.0107168243308298,1.414992198614847,2.107017428075122,2.172992937707337,0.574713040459402,1.9865227028593515,2.5539703136462615,0.7067016015149244,7.529868627422872
2.2745504096816336,1.9014753394656707,2.8653781034176915,0.7807397318752824,0.46283333297401064,0.9363630458450997,0.773876334593756,2.2704982814205388,2.199327911540395,2.0090547025660017,7.302247024098327
0.6491373433754634,2.585420422317269,2.8697146675767833,1.5948174543259335,1.9481181918881574,1.5020762970616863,0.8506731453078116,0.8584428119898126,0.9402615682047395,0.572550012492462,5.997738125872575
2.7057708978879527,2.5751944021400575,1.3849180839565103,1.1017542376805114,2.8172350696412956,0.6671204076984303,1.6606258784004049,0.16349446662648792,0.573606591052347,1.8120808000785291,7.8903780250723985
1.9865509585325092,1.7429874560197192,2.6088042479978695,2.980215662468241,2.2915855264587335,1.3952753524312764,2.501804008362308,0.3611621824980049,2.0498120893377894,1.555013362360302,10.060506833565194
0.5341976587671552,2.918800851840642,1.0153122593362425,1.8462702178901502,2.635782712574856,1.5200665317444617,0.34541355052929557,2.4562172530418698,1.0596413011764014,2.9492006066755163,6.922996798888279
2.651476339333674,2.5603480000468717,1.0687595326136983,2.271389333427197,2.9589871890047665,1.578964835853994,1.4121964648656946,0.043997462916212426,2.100611306204809,2.575432705805562,9.672415934793568
0.74237155824549,0.9450737313439704,1.5020310639784693,0.21624047208455055,0.26892742829621097,1.2633322766642423,0.783656858110265,1.2181119075983053,1.363158894299814,2.9288201902173547,4.654783829112297
2.8327794603085117,0.41919045461929827,2.6477579211967393,0.24061998699023568,1.5229064091532623,0.4917297003292961,1.097676436070802,2.230020676945994,1.2735164380705497,2.4208538627140013,6.78978885465869
2.1564471331126254,2.8285183386330486,1.602468061757632,2.406443861963386,0.9687213190111557,1.0372375352695937,1.2015313907445164,1.232747202894267,0.3097596619979236,1.5572968179955908,8.318927618500197
0.2904096578070767,2.669286407459292,0.18553434966987936,1.3490832909279264,0.8540821991712915,0.4646082469634373,2.351510072526637,2.144797196758577,0.4378436705445393,1.8982969233189304,6.388865457002884
2.377665501991338,2.319996661109661,0.27683879299008474,2.0565381571373287,2.148071762650731,2.5864988011260817,1.52413301659496,1.383282000910072,2.8953489747584094,2.3895367672162604,9.562784925528721
1.676192972419467,0.9918512139338385,2.535713988010532,1.366309168393214,0.27805557647448187,1.3647128181403194,2.615905188450439,1.3448464406833365,0.04304744322105036,1.8344559717494087,7.539222792641882
2.987490010234196,2.4517457521215356,1.8517138398544437,2.7431966603936546,2.440745044953186,1.4959180582201212,1.7736608562221454,2.1938784276090595,2.539278491936594,0.1745292071301342,10.230137617915862
2.324411571483453,1.3425103199346058,1.9823956809046221,2.29389903287655,1.6185057750823448,0.47554455174119714,1.2285804945547982,0.2306189812571393,2.0679020734657914,2.8611185458892505,8.572593941462873
2.385758436672561,1.1693592683613563,1.752874488016483,0.9126020275406075,1.623136798664895,0.9021807173539207,2.21497427039583,0.7780245239610765,2.892061171301683,1.9858461965205945,8.052145213519065
0.2063335430515313,0.03233329051707945,2.991139032615301,0.6615167346473806,0.9376882453715327,0.6252420426063251,2.784305317413547,1.9560385790058423,1.5131589706683324,1.672952443477711,5.86850315788466
0.9536185418975619,1.842525007091524,1.2588010903647957,0.5976844392725376,1.9698152991296443,1.121521707777636,2.3551991373514847,1.2461848725285811,1.524814125138589,2.362399437542689,6.734914515317019
1.3436342787591933,2.898663405372494,2.379086001585335,2.4792912159449356,2.861761400111183,1.1665518865296223,1.7402407925465124,2.0807752223868103,2.0203754506218923,2.8588103836830587,9.61403143665541
0.8650459016350036,0.8740845858779759,2.75401320611744,2.397916925179679,0.6100698722087933,1.710140634278303,2.2372912022889846,1.0591091713425274,1.30314675366417,1.7261898349826788,7.943584533218047
1.4013256726446317,2.2591271702070985,0.017816261049209192,1.3038975731731515,1.0127441259866146,1.8274921584894805,2.327875325644079,0.22843548660459068,0.4741792008035772,1.9952448724260998,7.200178651303355
2.215207323046251,1.7646053312365062,2.9484100469037795,1.498384467319724,0.4088770052929308,2.05887318111324,1.8062265665843942,1.7712644250907903,1.6375609057391944,2.8172871286486165,8.85908708345007
0.387469190479674,0.21959189557493508,0.46235150813195935,0.7349706297148514,1.7788389583094073,1.837275747290203,0.6978056323712528,1.4676764979328125,1.4461855583032044,1.3593322988556749,4.320147234819673
2.4106358847379745,1.4150792096268956,2.275096487868498,0.4994433954143942,1.595902032219504,2.4723143281895865,0.533149751748773,1.394766506092987,1.8272379481071503,0.554323724511862,6.474662509622681
2.2702968177342093,0.23698874338895226,2.8392465267231564,1.4046644826544072,1.0083692590964295,0.3504210214879211,1.2977899292035942,1.9794120881723152,0.28346183742715225,0.9188072855032458,6.474403971768589
2.5080527483181334,1.9385430767949816,0.6191190355728717,0.4827293873792675,2.7134550786026996,0.8610606640229531,0.5385005066958909,2.9998920556278073,0.9275754833337176,0.37422056342809107,6.140601195622481
1.3852728892588413,1.3030353305954463,2.780407427490993,0.4026148424289142,0.27340921838792054,0.2789360127200403,2.712862397466709,1.3481075338832313,0.45181958446567705,1.7814902951378717,6.233183498557863
1.6128700669524962,0.595220243246698,1.8091144182791128,1.0206937029508367,0.7151123031926099,1.5312018326970844,0.8749477845491628,0.6664197652836397,2.6391672248990226,0.4672877297202519,5.812457237103089
0.8417699318544974,1.158415139549477,0.8209149309000685,0.6321319277333088,2.313438291163764,0.9870484761707444,0.33753887309801534,1.6226854873700873,0.37646549170923094,1.0725588223227838,4.283704701882522
2.6454802868168517,1.107483585318659,1.89752692286475,1.5438766080258937,0.41317453733392684,1.9472087933725055,2.5681049908014186,0.27963742213603215,2.2610402673893746,2.0706338445569346,9.106520169347018
2.5999817249914376,0.31227579640040104,0.9170861381900364,2.0828744616791224,0.06605393665995074,2.202227033191466,2.573935737003363,1.3599121571302726,1.3029897102799564,0.835406886208098,8.842515003578765
0.015155610015262,0.5589105499990681,2.9395923552671137,2.60185823136407,0.7995139162467642,2.8912465713631392,1.1031378478598577,0.8927561242535402,0.45842290634965555,2.704833208532022,7.026692594027095
2.960977473200578,0.9822342121580473,2.1102912700752805,1.005910229428664,0.31497221791636565,1.178076920646972,1.654709882283528,0.3690502775294827,2.4548183243692834,1.4920893506798685,7.547759574900662
0.7031488575137189,1.77827873562883,2.379777918163206,0.9828730471559274,2.104428973201783,1.283577539942062,2.8921535065368027,2.312820259808195,1.0690527075660627,0.053243877185286226,6.7133658456006655
1.972559686141284,0.5936164757545569,0.36563752694739826,2.795329354190381,2.9998469106447505,0.8096664616931554,0.905305656497814,0.4949668177145061,1.3730543277888714,2.5975312795072427,8.148620986071757
2.1045178563746334,2.538994674229763,0.6854449670207414,2.1913682022254406,2.7555798851881805,0.8442483426431712,2.0719606307735554,1.2019722350695634,0.8706799354767678,2.9088704062630484,9.342927623806133
1.045899689904878,0.32354904378206184,1.1657676288610068,1.343034872879947,2.256632476497714,2.849742800841008,2.451170951382638,2.7928239337653182,1.4251803899247932,2.157949704709303,8.097148254415078
0.9271487550372073,0.20876132555705385,1.0964205759779806,2.093745684984893,0.8238663307441312,2.5842176869245628,2.3723185499487056,0.5821276475538089,0.9925102874724202,2.4759078526472753,7.678544854690315
0.7318133685338982,0.9948064370013919,1.0292007972692603,2.4031260834773,0.1110907968150503,0.2213609493642429,1.7353546444888126,1.1913359729881998,1.8986559588321228,0.7993838285381486,6.416890930765311
2.728748032444682,2.2828256615233684,0.2032386616511881,2.3517164318551025,2.908747116936754,2.827306861762419,2.206451394076343,0.3707812604436468,1.7282302975213621,0.8526981865214663,9.761784674818037
2.9106388309087414,2.152457176084828,1.8322967693622578,2.085264127814179,1.3139373873290414,1.11821025431282,2.8073987383198924,0.99578140437806,0.12430839519815795,1.2025204624633723,9.475135754780743
2.3710210578650166,1.9454050741467583,2.886512326433624,0.3186056028574129,2.7346389066881502,1.1065475817421864,1.422007756265737,1.2854464634677032,0.3493568432773243,0.7433893671755661,6.533413727293694
2.226814707689376,0.0690226255370856,0.4016633231588236,0.07563050637405022,2.5721641719706474,1.851974483345339,0.5097859863556765,2.306316669161261,2.9004017923546614,2.8036811235900547,6.43396407495161
2.764642643436496,0.023430646217229678,1.7670404669558355,0.7698978499170878,1.6939416429295764,0.9540908674816639,0.4609996283178378,1.3334811700750402,1.4852889815291204,2.9692965205428736,6.871157627304095
0.12716365241562033,0.9034655966918298,2.555681535264968,1.9790864943781283,2.4800490955376877,1.9808727556793335,2.2786089274383987,1.4787652499911719,0.6146330786927925,2.4300115825115998,7.600802734115285
1.7034619639919075,0.41851558136048905,2.4146820806125984,2.8757577310877345,1.0384916178853976,0.8805367562593305,0.24532553462269824,1.9934736793482468,2.8768848554894904,0.4079780699748229,7.309209686927468
1.4554788939579466,0.29471455395974355,0.10232971112944744,1.9935031520029363,2.6030615260304937,1.0127116083780892,2.627295523230298,0.3511592974530957,0.7138820457524286,2.7048201807201555,7.749110127031974
1.5255296810720107,1.8245771513910722,0.11405469762752374,0.38516973044366676,0.16737243750255948,2.7150022198490076,0.4043848916128411,2.5490184798262634,1.0531040981173594,2.40179248909734,6.026551583771479
1.095130642370242,0.8030521190786294,0.2809821035671717,0.8421197717224012,1.4144391501518399,2.4525263966903865,1.3575448643060937,2.9143067248128522,1.624899032564469,0.07483688943433031,5.943411403225109
1.2461019005738172,2.0666973221595413,0.7028749387494744,2.095889852544476,1.5110919155445486,0.07721332674934589,2.323058848440617,1.6811211114422253,0.24748050924328013,1.425642100386819,7.260285977027568
0.86187864532424,2.6390446277637993,0.8547811584217462,2.8250612129225967,1.6383982480413377,0.9708411286401639,2.4406350522527323,2.0922011350972975,1.2418874870876384,1.8888549081197794,8.81128161528104
2.3357527920848438,2.554673382850468,2.449238141142191,0.4982312657802539,2.4851686575107568,0.17588717665131637,0.6005120446517058,1.8687801601979674,0.344077576340713,1.8100427851686,6.468246267705412
0.9238970740906913,1.2883997554639448,0.9454545103364341,0.21052070359471342,1.5022762587658827,2.8907983331846623,1.8353500444803814,0.9000956148513759,2.8684495023720573,1.167711755856682,5.992681406671402
2.0925532016065307,1.9023384147673328,2.8587325441165543,2.743808083484511,0.44401216905009366,0.2570576241882674,2.428926983396489,2.714829639890469,1.4789208117686985,2.0722838215013253,9.914551005832296
0.20936484053525461,0.6594131935694156,0.4481285839701634,1.803481750650102,0.5926196812983214,0.17953894665255188,0.9066218482080322,2.0316372873418582,1.7335911727855635,0.9921748964839074,4.7757745426710905
2.5004366275301293,0.8288073240362688,0.7816429150970479,1.6798422323687645,1.434646919537327,1.337917981801082,0.4673568568622015,1.5139385748989733,0.7770567518263327,1.1765396478570462,6.952413981096181
2.200711343011819,2.810588476678067,2.321588895567973,1.216901683869791,1.7790994179862918,2.2394934476271118,1.2426631502876746,1.0807444764369034,0.4057298878675898,2.2087824044276267,8.005559682452407
2.5155257724228743,0.9497532330898585,2.350523296927606,1.8306391750109623,2.352249139209732,1.234012149448993,2.24272909094882,1.2255273536928781,0.2662739562583587,1.6517367544048323,8.667053193610851
1.362986179165937,0.7586396616047315,2.6763400049003074,1.1485599166080034,0.11737833429684419,1.1464072206077711,1.2735294237011092,2.58491316958248,2.3975496243151304,0.5998997577237728,6.2191151772942135
2.5170876778766127,0.7437816847609956,1.025802444492879,0.23045536193247396,0.16606893940309153,2.0425803624334122,2.770023253565199,1.479050562713486,2.532281135875749,2.3812537490779597,7.9524581311062095
1.9940361701439877,2.9346867933533356,2.4065637626291583,0.8245331826427843,2.367042738663324,2.077984938851711,1.198561339909055,0.23039241068134508,0.643078588854299,2.391713674930065,7.431251638491245
0.7454558644081476,2.9935739490700444,2.081964419965634,1.4316674421528237,1.7113100706357813,1.8326181706243085,2.90683446009787,0.48522358389455844,0.8171874079822637,2.128773143913731,7.930233672272799
0.7195739494306966,2.6138914866061507,1.0396025269743558,0.5425181997474573,0.14286228254945543,1.78678512095385,2.475846568663655,0.8213793334463737,2.752618458776461,2.2732028103540145,6.799873479712107
0.1839020474963542,1.7178989900242496,1.7023228209757972,0.6071169148079407,1.0036331359971644,1.3748366807512868,0.14423346371225532,0.4493292278576636,0.4920131673316761,1.1377072633691727,3.603985136429966
2.2420723760297414,2.493910977291777,0.4885471380511166,2.2557181080203095,2.0121298751645083,2.672062175741635,2.9063737618355154,0.3733818264298231,0.24202158426245002,2.399190386856028,10.004705990192168
0.4865126192575753,0.5837235727716207,2.6461077675774805,2.8168946913075747,0.955413731768922,2.526504301313982,2.576570728690953,1.8161714415061088,1.6982653441894349,1.727515227736829,8.703897561574346
0.9038675629281685,1.8566011168169723,0.7307408133257102,0.5328968702268263,1.238851363272019,2.1173412689533055,1.8642830620543926,2.8946462380191074,1.9393677340971673,0.4239421493877613,6.340924500287022
0.4836546398775542,0.27920142023349637,0.573521294991039,1.7938527020373631,2.5148594250444463,2.681602956202372,1.2001316600551455,1.6757490857616952,2.4275987764524403,0.9362115635855073,6.497370181643829
1.7870070133160851,0.522247533160997,1.4296210215542842,0.519216781090405,1.3872791708974366,1.1904590753027389,1.29979447050148,0.731136678319554,0.4081300271355184,0.8269959837596569,5.180410596861708
0.7187401177317274,2.202888607753349,2.1509252189446384,1.7534489812928171,0.27400139450632555,1.698785562840099,0.23771107782179335,0.05451905782871347,1.0577883454129673,0.7216347571916982,5.229368832778928
1.7839430442991278,2.785927464208841,2.1595560833135763,2.302082585912961,2.8526793311118683,1.9022732426897029,1.733192824229477,1.8056039278581255,2.5974157697023976,1.1642971056209552,9.385527543380148
2.386008676164012,1.9567708049314843,0.9137146523458902,0.041065232952275044,0.6297599702607599,2.099966293880583,1.7390709292357045,0.8237840994608582,1.3029074142030719,1.9834462967442392,6.973990970441972
0.3812584214696909,1.2968387425536494,1.2498726449459383,1.6278030603607219,1.5657410406554852,1.1031800552035487,2.2882008864376386,0.2016871199736413,0.10661541760303817,1.260778018795126,5.987989094148985
